,Name,Price,Brand,Rating,Seller Name,Number of Sales,Number of Reviews
0,M221 Silent Wireless Mouse with 24GHz Optical Ergonomic PC Gaming Mouse for Window 10/8/7/Smooth and Stable Tracking/Comfortable Shape,9.61,Logitech,4.8,Innoco Technologies,762.0,220.0
1,HP M260 High Performance Wired USB Mouse Optical Sensor 1200 DPI With Fine Surface & Rubber Scroller,6.99,HP,4.95,Cybernetics Tech,1500.0,353.0
2,"Logitech MX Master 3s Wireless Mouse for PC Laptops, Business Office, Quiet and Convenient",114.0,Logitech,4.93,Future Technology ,502.0,152.0
3,"UGREEN Wireless Mouse, 6 Silent Buttons, Bluetooth 50 and 24G Wireless with USB Mini Receiver, 5 Level DPI Setting 4000DPI, Ambidextrous PC / Mac /Linux Laptop",9.99,UGREEN,4.93,UGREEN,13700.0,4043.0
4,USB Mouse Jiggler Undetectable Automatic Computer Mouse Computer Movement Jiggler Keeps Simulate Mouse Awake Mover H1D4,3.18,VAKIND,4.91,ALLOYSEED Official Store,137.0,35.0
5,Wireless Mouse 24GHz/Bluetooth Dual Mode 1600 DPI Optical Adjustable Mice Rechargeable  LED Colorful Backlit Silent Mice for PC / Mac /Linux Laptop,5.2,Showsee,4.89,MAXU,2000.0,669.0
7,"UGREEN MU008 Vertical Ergonomic Wireless Mouse, Bluetooth and 24GHz Wireless with USB Mini Receiver DPI Setting 4000DPI 4 Buttons for PC / Mac /Linux Laptop",29.99,UGREEN,4.94,UGREEN,2400.0,878.0
8,Dual Modes Bluetooth Wireless Mouse Rechargeable Silent Computer Mouse Ergonomic Optical Noiseless USB Mice Silent Mouse 1600DPI For iPad Tablet Laptop Computer,5.99,Showsee,4.85,MAXU,1900.0,513.0
9,"UGREEN Wireless Mouse, 6 Silent Buttons, Bluetooth 50 and 24G Wireless with USB Mini Receiver, 5 Level DPI Setting 4000DPI, Ambidextrous PC / Mac /Linux Laptop",9.71,UGREEN,4.93,UGREEN Direct Store,3900.0,1165.0
10,KEBIDU Rechargeable Bluetooth 51 Wireless Mouse with 24GHz USB RGB 1600DPI Mouse For MacBook Tablet Computer Laptop PC Mice,3.82,KEBIDU,4.89,Jeidamei,290.0,115.0
11,"UGREEN Silent Wireless Mouse, Dual Model 24Ghz Wireless Bluetooth 50, 4-Level Adjustable Silent Buttons, 4000 DPI Optical Tracking, Ambidextrous PC / Mac / Laptop/Tablet/Phone",19.99,UGREEN,4.9,UGREEN,2100.0,718.0
12,Lenovo M21 Silent Ergonomic Wireless Mouse,11.8,Lenovo,4.88,VT Computer Store,375.0,94.0
13,"[Lazada Exclusive, TOP SELLER] Logitech Wireless Mouse M275 with Textured thumb rest for better grip (Work From Home, Home Based Learning)",21.8,Logitech,4.93,Logitech,14200.0,2695.0
14,GOOJODOQ Rechargeable Wireless Bluetooth Mouse for Computer PC iPad Mouse Dual Modes Bluetooth 40 + USB Wireless Mouse 3 Adjustable DPI,5.5,GOOJODOQ,4.77,GOOJODOQ Flagship Store,52.0,43.0
16,"UGREEN Ergonomic Wireless Mouse, High-Speed Scroll 1000 Rows , Bluetooth and 24GHz Wireless with USB Mini Receiver DPI Setting 5000DPI 6 Buttons for PC / Mac /Linux Laptop Model: M751",31.99,UGREEN,4.89,UGREEN,305.0,83.0
17,Dual Mode Wireless Mouse USB Rechargeable Silent Bluetooth Mouse for Computer Laptop PC Gaming Mouse 24GHz 1600DPI,6.2,Showsee,4.85,MAXU,231.0,74.0
19,Logitech M240 Silent Bluetooth Mouse Graphite / Off-white / Rose MG-SG,8.95,OEM,5.0,Mayoung,6.0,1.0
20,"Logitech M220 SILENT Wireless Mouse, 24 GHz with USB Receiver, 1000 DPI Optical Tracking, 18-Month Battery, Ambidextrous, Compatible with PC, Mac, Laptop",19.8,Logitech,4.92,Logitech,17100.0,6788.0
21,Xiaomi Wireless Mouse Lite 2,13.9,Xiaomi,5.0,Xiaomi SG Store,23.0,2.0
22,"Logitech MX Master 3S - Wireless Performance Mouse with Ultra-fast Scrolling, Ergo, 8K DPI, Track on Glass, Quiet Clicks, USB-C, Bluetooth, Windows, Linux, Chrome",158.0,Logitech,4.96,Logitech,5800.0,1410.0
23,"Logitech Pebble Wireless Mouse with Bluetooth or USB - Silent, Slim Computer Mouse with Quiet Click for iPad, Laptop, Notebook, PC and Mac [Local Warranty]",26.9,Logitech,4.97,ezMall - Easy Your Life,2000.0,456.0
26,Upgraded 2024 version - Genuine Razer Deathadder Essential Ergonomic Wired Gaming Mouse 6400 DPI Optical Sensor Death Adder Mice,24.99,Razer,4.92,Ashbers,259.0,72.0
30,Blackdot Rechargeable Office & Gaming Silent Dual Mode Wireless Ergonomic Mouse with RGB Backlit,27.99,Blackdot,5.0,Blackdot,13.0,4.0
31,Rechargeable Wireless Bluetooth Mouse for MacBook Air Pro Retina 11 12 13 15 16 Mac Book Laptop Wireless Mouse Mute Gaming Mouse,16.6,WireVia,4.81,3C Accessories Stores,122.0,132.0
33,USB Wired Mouse Lenovo M20 1200 DPI Optical Mouse Silent for Computer Laptop Ergonomic,7.9,OEM,4.53,MixGear,236.0,60.0
34,Disney QS-MS01 wireless mouse stable connection Cute mouse suitable for laptop wireless dual-mode comfortable feel,14.98,Disney,5.0,Disney Audio Store,22.0,7.0
36,Lenovo M120 Pro Wireless Mouse 24GHz Laptop Mouse with USB Receiver Lightweight Ergonomic Optical Wireless Mouse Computer Mice for Laptop PC Computer Mac Office/Home use,8.95,Lenovo,4.44,Lenovo online,52.0,16.0
37,â˜…BT21 by BTSâ˜…Baby Wireless Silent Mouseâ˜… Noiseless Button/ BT21 Baby Character Design Mouse,24.0,BTS,5.0,Jsinintertional,23.0,4.0
38,Baseus New 24G Wireless Mouse Bluetooth 50 1600DPI Wireless Mouse for Computer Mac Laptop Ergonomic Design Mouse for Windows OS,18.29,BASEUS,4.95,Baseus Official Store,445.0,153.0
39,AOC Wired USB Optical Sensor Gaming Mouse MS121 Business Office Mice Desktop Computer Laptop Tetikus Jumper Ergonomic Anti-slip Wheel,6.81,OEM,5.0,MixGear,14.0,9.0
41,Niye Official Authentic Wired Mouse 1000DPI Usb Interface Wired Mouse,2.74,Niye,5.0,niye,41.0,5.0
42,24G Wireless Mouse USB Receiver Ultra Slim for PC Laptop Gaming Optical Mouse,1.92,Litake,5.0,LankeBike Mall,11.0,3.0
43,Optical Wireless Mouse Computer Cordless Mouse USB Wireless Mouse for Better Game Experience GXG-MY,1.66,OEM,5.0,GHGYGHJYYY,5.0,2.0
44,"Dareu LM115G Wireless Mouse Singapore Local Reseller, 1 Year 1to1 Exchange Warranty",12.9,DAREU,4.9,DAREU,2300.0,641.0
45,Wired Mouse USB 20 Office Mouse Optical Mice For Computer PC Desktop,2.9,OEM,4.84,Xinshi Computers,873.0,129.0
46,Professional Gaming Mouse 7 Buttons Colorful LED Optical USB Wired Mice Pro Gamer BAJEAL G5 Game Fire Key for PC Desktop Computer,7.5,OEM,5.0,MixGear,6.0,2.0
48,INPHIC DR6 Bluetooth Mouse Rechargeable 24G+Bluetooth 50/40 Tri-Modes Wireless Mouse 2400dpi Mute Ergonomic Mouse for iPad Laptop Desktop Mac Android Windows,15.37,Inphic,4.97,inphic,188.0,171.0
50,Verbatim 24GHz Wireless rechargeable 600mAh Mouse - 66381 66382,13.9,Verbatim,5.0,Verbatim Store,5.0,3.0
51,LOGITECH B175 WIRELESS MOUSE (3 YEAR WARRANTY) VJ-SG,3.93,OEM,4.0,Varying,11.0,2.0
52,"UGREEN MU006 Wireless Mouse, 6 Silent Buttons, Bluetooth 50 and 24G Wireless with USB Mini Receiver, 5 Level DPI Setting 4000DPI, Ambidextrous PC / Mac /Linux Laptop",18.99,UGREEN,4.94,UGREEN,494.0,207.0
53,"UGREEN MU008 Vertical Ergonomic Wireless Mouse, Bluetooth and 24GHz Wireless with USB Mini Receiver DPI Setting 4000DPI 4 Buttons for PC / Mac /Linux Laptop",29.99,UGREEN,4.64,UGREEN Direct Store,104.0,22.0
54,Prolink PMB8001 Premium Bluetooth 52 Wireless SILENT Mouse: Heavy-weighted Aluminum (Powered by Broadcom Chipset from USA),18.9,Prolink,4.73,Prolink,199.0,59.0
56,Lenovo Wired Mouse Random Design (Refurbished),5.0,Lenovo,5.0,magentamagenta,38.0,11.0
57,Wireless Mouse 1600dpi Silent Power saving Ergonomic 24G Mice USB Optical Portable Mini Ultra Thin for PC Computer Laptop,9.9,OEM,4.78,MixGear,41.0,9.0
58,"Logitech MX Anywhere 2S Bluetooth Edition Graphite Wireless Multi Device Mouse With Logitech Flow, Gesture Control and Wireless File Transfer (Work From Home, Home Based Learning)",67.8,Logitech,4.92,Logitech,9400.0,1837.0
59,"[Same Day Delivery Available] Logitech M650 Signature M650 M / M650 L Wireless Mouse Smartwheel Scrolling Graphite / Rose / Off-White (Order before 2pm on Working Day, will Deliver on Same Day, Order After 2pm, will Deliver Next Working Day)",34.0,Logitech,4.93,Video-Pro Pte Ltd,470.0,132.0
60,Logitech M650 Logi Signature Wireless Mouse Smart Wheel Scrolling Off-White Rose Graphite 1 Year Sg Warranty,39.0,Logitech,4.92,Smart Shopping,4200.0,1003.0
61,SG STOCK Razer Orochi V2 Mobile Wireless Gaming Mouse Mechanical Ultra Lightweight 24GHz 18000 DPI Optical Sensor PC Laptop,17.99,Razer,4.57,Jaymer.sg,171.0,49.0
62,[Ready Stock] HP S1000 Plus Silent USB Wireless Computer Game Mouse,9.99,HP,4.81,Cybernetics Tech,226.0,51.0
63,M185 Mini Wireless Mouse Comfortable Silent Optical Mouse 1000DPI 24GHz with USB Mini Receiver for Windows/Mac OS/Linux,4.02,VAKIND,5.0,VAKIND Official Store,25.0,3.0
64,Razer Basilisk V3 X HyperSpeed Customizable Wireless Gaming Mouse,79.9,Razer,4.94,Endless Passion,712.0,199.0
65,Logitech MX Master 3S Mouse Black Silent Wireless Mouse Ultra-fast Scrolling 8K DPIä¸¨Track on Glassä¸¨Long Battery Life,118.0,Logitech,5.0,TopTrend,211.0,52.0
69,JOMAA 10000dpi Wireless Gaming Mouse 24G Bluetooth Rechargeable Colorful Lights Ergonomic Office For PC Laptop,35.62,JOMAA,5.0,JOMAA Officail Store,492.0,12.0
70,Alcatroz AirMouse V Wireless Mouse 1200 CPI,7.9,ALCATROZ,5.0,Alcatroz,160.0,31.0
73,BTS BT21 Official Wireless Silent MOUSE BANGTAN BOYS Character Authentic,19.89,BTS,5.0,MIRA1004,12.0,7.0
74,Huawei Bluetooth Wireless Mouse Second Generation Mice CD23 Youth Edition Computer Notebook Gaming Mice,31.5,Huawei,4.8,Yizilin Electronic Accessories Store,7.0,49.0
75,AuthenticðŸ’– SNOOPY Multi Pairing 3 Mouse Wireless Silent Soundless,27.9,Snoopy,5.0,Jsinintertional,159.0,28.0
76,"Logitech POP Mouse, Wireless Mouse with Customisable Emojis, SilentTouch Technology, Precision/Speed Scroll, Compact Design, Bluetooth, USB, Multi-Device, OS Compatible",38.0,Logitech,5.0,Logitech,27.0,10.0
77,ATTACK SHARK R6 Ultralight 39g Wireless 8K PAW3950MAX Gaming Mouse,66.32,ATTACK SHARK,5.0,ATTACKSHARK,20.0,5.0
80,INPHIC M8 24Ghz Wireless Mouse Rechargeable Silent Click Mouse For Laptop PC Home & Office 1600DPI Ergonomic Optical Mouse for Girl Pink,10.37,Inphic,5.0,inphic,37.0,130.0
81,Delux M618DB Wireless Vertical Mouse Ergonomic 6 Buttons MAX 2400DPI 24GHz Bluetooth Rechargeable With RGB light M Size For PC/Laptop/Windows/Mac Black White,26.99,Delux,4.79,Delux Official Store,529.0,367.0
82,HP USB MOUSE / DIB HP USB TRAVEL MOUSE [ Ready Stock 100 PCs ],12.9,HP,4.67,Bismi Info Tech & Trading,73.0,12.0
83,Acer Mouse M117 Computer Office Wired Mouse USB Interface,6.9,Acer,5.0,Mihomes,14.0,4.0
86,inphic M1 Upgraded Wireless Mouse Rechargeable 24GHz Silent Mouse 1600 DPI Optical Mice Right-handed Ergonomic Design,13.37,Inphic,4.86,inphic,28.0,44.0
88,AOC MS121 High Performance Wired USB Mouse Optical Sensor1200 DPI With Fine Surface & Rubber Scroller,3.88,SOLAKAKA,4.62,GAMA Mall,109.0,110.0
89,Alcatroz Airmouse 3 Silent Wireless Mouse With 1200 CPI - Best For Office Used,12.9,ALCATROZ,5.0,Alcatroz,51.0,7.0
90,DQRGO [SG Stock] Wireless Mouse Rechargeable Mouse with 24Ghz Receiver Silent Mouse LED Light USB Optical Adjustable Wireless Mice Gaming Mouse for PC Laptop IPad Computer Home Office,12.9,DQRGO,4.71,DQRGO Home Appliance,16.0,7.0
92,ELECOM WIRELESS IRSENSOR MOUSE - RED M-IR07DRRD,15.0,Elecom,5.0,Gain City Singapore,6.0,1.0
96,Lenovo WS202 Mini Wireless Bluetooth Mouse Wireless Mouse Black For Laptop Desktop Notebook Computer Universal Gaming Home Mini Mouse With USB Receiver Suitable for Windows 2000/Win XP/Win7/Win8/Win10 PC,10.98,Lenovo,4.0,Lenovo Earphone Online Store ,7.0,1.0
98,"UGREEN Wireless Mouse, 6 Silent Buttons, Bluetooth 50 and 24G Wireless with USB Mini Receiver, 5 Level DPI Setting 4000DPI, Ambidextrous PC / Mac /Linux Laptop",21.99,UGREEN,4.85,UGREEN,368.0,136.0
100,Disney QS-MS02 Wireless Bluetooth 24GHz Dual Mode Mouse Type-C Rechargeable Laptop Bluetooth Wireless Dual Mode Mute Button Design Mouse Wireless,21.52,Disney,4.5,Disney Audio Store,6.0,7.0
101,"Logitech M170 Wireless Mouse for PC, Mac, Laptop, 24 GHz with USB Mini Receiver, Optical Tracking, 12-Months Battery Life, Ambidextrous",16.0,Logitech,4.89,Logitech,2400.0,443.0
102,"Anker Ergonomic Optical USB Wired Vertical Mouse With 1000/1600 DPI, 5 Buttons CE100 (A7851)",29.99,Anker,4.85,Anker,1100.0,265.0
103,Wireless Mouse 24GHz Ergonomic Optical Portable Computer Mouse USB Receiver /battery FREE mouse pad,4.9,OEM,4.67,Xinshi Computers,6.0,3.0
105,Disney QS-MS03 Wireless Mouse Office Light Sound 24G Receiver Long Battery Life Ergonomic Applicable Laptop Desktop Computer [24G Receiver/Long Battery Life],17.82,Disney,5.0,Disney Audio Store,21.0,16.0
106,Targus B582 Midsize Comfort Multi-Device Antimicrobial Wireless Mouse (Black),34.9,Targus,4.95,Targus Official Store,60.0,21.0
107,Wireless Mouse 24GHz/Bluetooth RGB Rechargeable Mouse Wireless Computer Silent Mouse LED Backlit Ergonomic Gaming Mouse For Laptop PC,5.2,Showsee,4.88,MAXU,141.0,43.0
110,Professional HP USB Travel Mouse,10.9,HP,5.0,YcMl7Rsv,25.0,3.0
111,DISOUR 24G Wireless Mouse Pen Personality Creative Vertical Pen-Shaped Stylus Battery Mouse Suitable For PC Laptop Mice,9.42,DISOUR,4.94,DISOUR 3C Store,56.0,20.0
113,"UGREEN MU002 Silent Wireless Mouse, Dual Model 24Ghz Wireless Bluetooth 50, 4-Level Adjustable Silent Buttons, 4000 DPI Optical Tracking, Ambidextrous PC / Mac / Laptop/Tablet/Phone",21.99,UGREEN,4.89,UGREEN,48.0,19.0
114,Microsoft Surface Mobile Bluetooth Mouse,41.0,Microsoft,4.78,Display Home,51.0,8.0
116,INPHIC PM1 24G Wireless Mouse Rechargeable Ultra Slim Silent Mice 1600dpi Dual Mode Bluetooth Ergonomic Optical Mice for iPad Laptop PC,7.37,Inphic,5.0,inphic,76.0,135.0
117,"REIIE RT301 USB Mouse Jiggler, Undetectable Mouse Mover with , Keep Compute/ PC/ Laptop Awake ,Driver-Free,Plug&Play",8.57,Rii,4.97,Rii Store,145.0,30.0
118,Lenovo M21 Silent Wireless Mouse| Brand new,11.9,Lenovo,5.0,Ai PC,32.0,6.0
120,DELL WM126 24Ghz Wireless Mouse Optical USB Mouse Ergonomic Gaming Laptop PC Computer Mice,9.15,Dell,5.0,twenty four seven,29.0,13.0
121,"UGREEN Ergonomic Wireless Mouse, High-Speed Scroll 1000 Rows , Bluetooth and 24GHz Wireless with USB Mini Receiver DPI Setting 5000DPI 6 Buttons for PC / Mac /Linux Laptop Model: M751",31.99,UGREEN,3.0,UGREEN Direct Store,8.0,1.0
122,inphic DR801 Bluetooth Wireless Mouse Rechargeable Silent Click 2400dpi Optical Mice Multiple Connections 24GHz+Bluetooth50/40,14.02,Inphic,5.0,inphic,11.0,29.0
125,Bow Type C Wireless Mouse for MacBook Laptop Computer Mouse USB 24GHz Ergonomic Mice Adjustable 2400DPI Gaming Mouse,9.85,Bow,5.0,BOW 3C Store,9.0,1.0
129,100% Authentic Disney 24G Wireless Mouse Donald Bluetooth 50 Dual Mode 1600 DPI USB Receiver Mice Silent Office Mouse Mice For PC Laptop T04S T05S,20.81,Disney,4.88,BGAL,120.0,39.0
130,"Logitech G304 LIGHTSPEED Wireless Gaming Mouse, Hero 12K Sensor, 12000 DPI, Lightweight, 6 Programmable Buttons",48.0,Logitech,4.96,ezMall - Easy Your Life,86.0,23.0
131,Monster M2 24G Wireless Bluetooth Mouse Ergonomic Vertical Mouse Mute Key Optical with 3 DPI Rechargeable Vertical Mice for PC Laptop,25.28,Monster,5.0,Monster Technology Store,30.0,9.0
133,RK ROYAL KLUDGE BM600 Wireless Mouse Bluetooth 24g RGB Backlight Gaming Mouse Wired Optical Gamer Computer Mouse,19.9,Royal Kludge,4.2,Royal Kludge Official Store,23.0,28.0
134,VAORLO Original M3AG Cat Shape Wireless Mute Mouse Super Cute Cartoon Design Gaming Mouse Office Mouse Girls Fashionable Personality Meow Mouse Portable Ergonomic Mouse With 3 Adjustable DPI For PC Laptop Computer Office Gift,9.1,VAORLO,5.0,VAORLO Flagship Store,5.0,1.0
136,Delux M618DB Wireless Vertical Mouse Ergonomic 6 Buttons MAX 2400DPI 24GHz Bluetooth Rechargeable With RGB light M Size For PC/Laptop/Windows/Mac Deep Grey,26.99,Delux,4.79,Delux Official Store,472.0,214.0
137,Niye Official Authentic Wired Mouse 1200DPI Usb Interface Wired Mouse,2.74,Niye,5.0,niye,10.0,1.0
138,Top Selling 3500 OEM Rapoo Inspired Design Ergonomic and Fashionable Slim Wireless Mouse 24Ghz Connection Mouse With 6 Buttons Options Colours,6.99,SHENZHEN RAPOO TECHNOLOGY CO.,4.62,Marvel Adventures Singapre Lubricants,1300.0,320.0
139,Acer Mouse M153/M159 Computer Office Wireless Mouse,7.9,Acer,3.67,Mihomes,13.0,13.0
140,Lenovo ThinkPad WLM200 wireless silent mouse laptop pc office home universal ThinkLife mouse,16.5,Lenovo,5.0,Rapooer,8.0,4.0
142,GOOJODOQ Bluetooth Mouse Wireless Mouse 24G 2 Modes Rechargeable Mouse Ultra-thin Silent LED Colorful Backlit Gaming Mouse For Laptop Macbook PC iPad,8.86,GOOJODOQ,4.29,GOOJODOQ Official Store,60.0,57.0
144,Enrichreal Original Xiaomi Mi Wireless Mouse Portable Mouse 40 and 24GHz Bluetooth 2 Modes of Connection,23.8,Xiaomi,4.78,Enrichreal Electronics,232.0,41.0
145,ASUS MU101C Wired Silent Mouse Adjustable 3200 DPI USB Mouse for PC Desktop laptops,16.02,adol,5.0,adol,104.0,4.0
146,Dell Optical Mouse MS116 Black Retail Box - S&P P/N: 570-AAJK - 1 Year Local Warranty,8.99,Dell,4.97,SourceIT - Video Conferencing,154.0,30.0
147,Logitech M350 Pebble Wireless Mouse Silent Bluetooth Optical Office Mouse For PC Laptop,29.9,Logitech,4.95,Dreamer Technology,3300.0,743.0
148,"Logitech Pebble M350 Line Friends Edition Wireless Mouse with Bluetooth or USB - Silent, Slim Computer Mouse with Quiet Click for iPad, Laptop, Notebook, PC and Mac, Brown Bear and Cony Rabbit [Local Warranty]",26.9,Logitech,4.98,ezMall - Easy Your Life,299.0,55.0
149,[Same Day Delivery Available] Logitech M100R Wired USB Optical Mouse Dark Black 1000 dpi 910-006765 3 Years Local Warranty,9.5,Logitech,4.89,Video-Pro Pte Ltd,2700.0,341.0
150,Logitech M240 Silent Bluetooth Mouse,24.9,Logitech,5.0,GamerPushCart,61.0,29.0
153,Rapoo N100C Type-C Wired Mouse For Mobile Phones Tablets Laptops Macbook,6.79,Rapoo,4.92,Rapooer,72.0,25.0
154,â˜…Authenticâ˜…PEANUTSâ˜…Snoopy Multi Pairiing Wireless Silent Mouseâ˜…Noiseless Button/ Sleep Mode,27.9,Snoopy,5.0,Jsinintertional,39.0,3.0
157,Xiaomi Mi Wireless Mouse 2 Computer Windows Mac Laptop Notebook Gaming XMWS002TM,16.9,Xiaomi,4.69,TheMobileHub,279.0,59.0
161,Wireless Mouse Bluetooth Mouse Wireless Computer Silent Mini Mouse laptop For PC Ergonomic Mause USB Mice Optical Q5J0,1.88,OEM,5.0,OwenU,5.0,2.0
165,Alcatroz Airmouse Pro 5C Silent Click Wireless Mouse | 24G Wireless | Type C Connector | 1600 CPI,24.9,ALCATROZ,5.0,Alcatroz,32.0,8.0
166,Dell MS116 Optical Wired Mouse,19.0,Dell Computers,5.0,TechBox,45.0,8.0
167,Delux M618XU Wired Vertical Mouse Ergonomic MAX 4200 DPI Silent Click Removable Palm Rest 6 Buttons M Size Optical Silent Click For PC/Laptop/Windows/Mac White color,21.99,Delux,4.4,Delux Official Store,24.0,50.0
168,DELUX M618Plus 24G Wireless Vertical Mouse Ergonomic MAX 1600 DPI Removable Palm Rest 6 Buttons For Big Hands For PC/Laptop/Windows/Mac,29.99,Delux,4.79,Delux Official Store,371.0,160.0
169,Xiaomi Wireless Mouse 3 Bluetooth + 24Hz Dual Mode 1200DPI High Precision Sensor (Singapore Seller),19.9,Xiaomi,4.92,Sin Mi Technology,330.0,65.0
170,"ELECOM 'BT CAPCLIP' Mini Bluetooth ""Capclip"" Wireless Mouse / Mobile Use / IR LED",29.9,Elecom,5.0,ELECOM,52.0,14.0
172,UGREEN 24G Bluetooth Mouse Wireless Ergonomic Mouse 4000 DPI Silent 6 Buttons For MacBook Tablet Laptop Mute Mice Quiet Mouse Model: 90395,21.99,UGREEN,5.0,UGREEN Direct Store,25.0,11.0
175,Portable Creative Mini Ultra Slim Cute 24G Receiver Laptop PC Wireless Mouse,3.49,OEM,5.0,EtC Electronic,11.0,2.0
176,Baseus Tri-Mode Bluetooth Wireless Mouse Windows Mac Office Work Home Gaming,19.9,BASEUS,5.0,iOutlet,8.0,4.0
178,Microsoft Surface Mobile Mouse Mice (Silver/Black/Burgundy/Cobalt Blue/Poppy Red/Mint/Ice blue),45.0,Microsoft,4.72,SEVAMALL.com,720.0,150.0
179,Delux M618G DB 24GHZ Bluetooth Dual Optical Wireless Model Ergonomics Vertical Mouse Mice 6 buttons USB nano receiver MICE For windows XP/7/8/10,32.99,Delux,4.98,Delux Official Store,154.0,109.0
180,VAORLO 24Ghz Wireless Car Mouse USB 1600 DPI Optical Mini 3D Mice Computer Mouse For Kids Laptop Notebook PC,4.22,VAORLO,4.92,VAORLO 3C Store,64.0,90.0
182,BOW Mouse 24G Wireless Mouse Type-C Silent Click Jiggler Mouse Rechargeable Mause Plug and Play For Macbook Laptop Computer,11.17,Bow,4.0,BOW 3C Store,5.0,2.0
184,Baseus F01B Wireless Mouse Bluetooth Ergonomic Quiet Mouse Silent Mute 24G Mice for NoteBook Laptop Tablet Computer PC,15.92,BASEUS,4.67,BASEUS Factory Store,8.0,8.0
185,Xiaomi Wireless Mouse 3,21.9,Xiaomi,4.0,Xiaomi SG Store,17.0,3.0
186,Mini Mouse Mover 3 Track Mode Adjustable USB Automatic Mouse Jiggler Mover Undetectable Plug and Play with ON/OFF Indicator Light for Laptop Desktop,6.67,VAKIND,4.2,electronicity,8.0,5.0
189,Targus W600 Wireless Optical Mouse - Red / Blue / Black / White,17.9,Targus,4.91,Targus Official Store,798.0,254.0
190,Dareu LM115B Dual Mode Silent Bluetooth and Wireless Mouse Portable Mini Wireless Mouse for Office & Home Laptop 1 Year 1to1 Exchange Warranty (no battery),9.9,DAREU,4.84,Vii PC,165.0,49.0
191,Hoco M6 Cute Wireless Mouse USB Receiver 1200 DPI Macaron Color Cute Personalized Rabbit Mice Office Silent Mouse For PC Laptop Computer  24G  Wireless Mute Mouse Wireless Mouse With Battery,9.5,Hoco.,5.0,BOROFONE,12.0,107.0
192,[1 Year Warranty] Xiaomi Portable Mouse 2 Wireless Dual Mode Connection 24GHz or Bluetooth 4 Dpi Speed Multiple Devices,23.0,Xiaomi,5.0,Dasher,17.0,4.0
193,[REFURBISHED] Lenovo Wired Mouse along with USB Plug,10.99,Lenovo,5.0,Electronic_Bazaar,17.0,3.0
194,Office Ergonomic Wireless Vertical Optical Mouse,12.0,OEM,4.25,You & Me,70.0,16.0
196,"Ready stock,Acer Wireless Mouse Silent for Office Home Using PC/Laptop Mouse Gamer",10.9,Acer,5.0,jiewei998,13.0,9.0
197,Seenda Lift Vertical Wireless Mouse Type C Rechargeable Ergonomic USB & Type C Mice for Laptop Laptop PC MacBook Windows Android,20.91,SEENDA,5.0,Global Merch Park,432.0,74.0
200,Lenovo ThinkPad Essential Wireless Mouse 4X30M56888,15.9,Lenovo,4.5,Ai PC,55.0,12.0
203,"INPHIC DR01 Bluetooth Mouse Rechargeable Wireless Mouse  24G + Bluetooth 50/40 Multi-Device Connection, Ergonomic Mouse for iPad Laptop Desktop Mac Android Windows",18.77,Inphic,4.95,inphic,71.0,176.0
204,Adol MS006 24G Bluetooth rechargeable wireless mouse Compact mouse Ergonomics Three-speed DPI anti-slip and sweat-proof home office computer laptop Multi-device compatibility,15.68,SOLAKAKA,5.0,GAMA Mall,16.0,60.0
207,Original Xiaomi Mi Wireless Mouse Portable Mouse 24GHz Bluetooth (Export),23.8,Xiaomi,4.78,Isky online,327.0,95.0
208,"WIWU Transparent Dual Wireless Bluetooth Mouse for Laptop Rechargeable Mouse 24G USB Optical Wireless Mouse for Macbook,Android,Windows",19.34,WIWU,4.83,WIWU,17.0,21.0
210,ðŸ”¥SG Local StockðŸ”¥Wireless Mouse | Minimalist Lightweight 24g | Rechargeable Computer Laptop | M80 Ultra-Thin Silent Mute,9.9,OEM,4.42,DUO Fish,538.0,118.0
212,ELECOM Anti-Bacterial Wireless Silent Mouse/ Mouse for Kids/ Blue LED Mouse/ Lightweight/ School/ Children/ USB Wireless Connection/ Basic Mice/ M-BL20DBSK Series (6 Colors),24.9,Elecom,5.0,ELECOM,38.0,12.0
217,"UGREEN Wireless Mouse, Silent Buttons, 24G 250Hz with USB Mini Receiver, 1600 DPI 4000 DPI Optical Tracking, Ambidextrous PC / Mac / Laptop",16.99,UGREEN,4.67,UGREEN Direct Store,16.0,5.0
218,Acer Wireless Bluetooth Dual Mode Mouse M155 Type-C Charging Portable Office Mouse,15.9,Acer,5.0,Mihomes,21.0,7.0
219,Prolink PMW6009 Wireless Mouse (6 buttons) with adjustable mouse sensitivity (800/1200/1600DPI),16.9,Prolink,4.95,Prolink,142.0,40.0
220,"UGREEN Wireless Mouse, 6 Silent Buttons, Bluetooth 50 and 24G Wireless with USB Mini Receiver, 5 Level DPI Setting 4000DPI, Ambidextrous PC / Mac /Linux Laptop",18.99,UGREEN,4.68,UGREEN Direct Store,69.0,53.0
222,"UGREEN Wireless Mouse with 24G Wireless, 3-Level DPI 1000-1600-2400ï¼ŒSilent Buttons, Mouse computerï¼ŒMouse for laptopï¼Œ",10.99,UGREEN,4.72,UGREEN Direct Store,102.0,37.0
223,"UGREEN Wireless Mouse, 6 Silent Buttons, 24G Wireless with USB Mini Receiver, 5 Level DPI Setting 4000DPI, Ambidextrous PC / Mac /Linux Laptop",14.99,UGREEN,4.89,UGREEN,274.0,18.0
224,"DYNACORE - Logitech MX Master 3S Silent Wireless Mouse with Ultra-fast Scrolling, Ergo, 8K DPI, Track on Glass",138.0,Logitech,5.0,DYNACORE,70.0,13.0
225,Wireless Mouse With Adjustable DPI For Computer Laptop Windows and MacOS,9.0,Mofii,5.0,SHAVALIFE,124.0,31.0
226,AULA SC800 Dual modeWired/Wireless Mouse Mute Rechargeable DPI adjustment office Mouse Wireless For PC Computer Laptop ipad,69.48,AULA,4.5,AULA,12.0,18.0
227,LENOVO YOGA MOUSE  WITH LASER PRESENTER,59.0,Lenovo,5.0,ATRiX Aurora Computer,6.0,1.0
228,Logitech M240 Silent Bluetooth Mouse,23.99,Logitech,5.0,Byco Tech,17.0,8.0
229,Lenovo ThinkPad Essential Wireless Mouse w/o Battery | 4X30M56888 | 1 Year Lenovo Warranty,15.8,Lenovo ThinkPad,5.0,VT Computer Store,26.0,8.0
230,24GHz/Bluetooth Dual Mode Silent Wireless Mouse For Work Study Rechargeable Bluetooth Mouse For iPad Tablet Laptop Computer Ergonomic Mouse Optical Noiseless Mice Mute Mouse,5.99,Showsee,4.81,MAXU,146.0,27.0
231,INPHIC Q8 Bluetooth Mouse Rechargeable Wireless Mouse Dual Mode(Bluetooth 51 + 30) Mouse for Laptop/PC/Mac/iPad pro/Computer,10.77,Inphic,5.0,inphic,22.0,62.0
232,ASUSÂ Wireless Mouse Bluetooth 50 and 24G Wireless with USB Mini Receiver 1600DPI Silent Slim Optical Portable Ambidextrous PC Laptop Desktop,37.86,adol,5.0,adol,12.0,73.0
233,WIRELESS MOUSE,28.0,ABEX,5.0,ABEX,82.0,25.0
234,Prolink Artist Collection: USB Optical Mouse,16.9,Prolink,4.85,Prolink,114.0,5.0
235,[For Small Palm] Prolink PMO630U PMC1005 Wired Optical Mouse / PMW6008 Wireless Mouse,10.9,Prolink,4.93,Prolink,491.0,139.0
237,[Ergonomic and stylish in black] Prolink Wired Optical Mouse (Black) (PMO630U),10.9,Prolink,4.75,Prolink,47.0,8.0
238,"Xiaomi Wireless Mouse Lite, 1000 DPI, 24GHz Ergonomic Computer Optical Mouse",11.7,Xiaomi,5.0,nicehome.sg,16.0,4.0
239,Inphic F9 Wireless Mouse type C Rechargeable 2400dpi Sci-Fi Mecha Style Silent Mouse 24G Optical Mice for Laptop PC with USB Nano Receiver,26.55,Inphic,4.8,inphic,14.0,649.0
240,Logitech M330 Wireless Mouse Silent Mouse with 24GHz USB 1000DPI Optical Mouse for Office Home,4.81,Nanan,5.0,faithfuls,16.0,1.0
241,ZELOTES Ergonomic Vertical Mouse 2400 DPI Adjustable F-36A Wireless Rechargeable Mice Computer Accessories,15.5,VAKIND,5.0,Computer Enthusiast,8.0,3.0
249,Alcatroz Asic One 1600 CPI Wired USB Mouse,6.9,ALCATROZ,4.16,Leapfrog E-Store,1900.0,278.0
250,USB 3D Wired Optical Mini Mouse Mice For PC Laptop Computers,2.12,VAKIND,3.4,Celec,26.0,13.0
254,Bluetooth 50 Rechargeable Dual mode Wireless Mouse 24G Optical Mice For PC Desktop laptop Computer,8.8,OEM,5.0,Cyberpark,46.0,8.0
256,BTS - TinyTAN Magic Door Wireless Mouse,24.8,BTS,5.0,KPOP Merch,5.0,9.0
257,Lenovo ThinkPad Bluetooth Silent Mouse | 4Y50X88822 | 1 Year Lenovo Warranty,19.8,Lenovo ThinkPad,5.0,VT Computer Store,29.0,10.0
258,GUUGEI Bluetooth Mouse For iPad Samsung Huawei Lenovo Android Windows Tablet Battery Wireless Mouse For Notebook Computer,3.61,GUUGEI,5.0,GUUGEI,60.0,47.0
261,Lenovo Howard Bluetooth Mouse Wireless Dual-mode Mouse Portable Office Mouse 1000DPI for Laptop Accessories,14.97,Lenovo,5.0,Rapooer,50.0,7.0
263,Rapoo M10 Plus Wireless Optical Mouse 24 GHz 10m Distance 1000 DPI Battery Life 12 Months,12.0,Rapoo,4.95,AAA Sg Trader,97.0,19.0
269,"UGREEN Silent Wireless Mouse, Dual Model 24Ghz Wireless Bluetooth 50, 4-Level Adjustable Silent Buttons, 4000 DPI Optical Tracking, Ambidextrous PC / Mac / Laptop/Tablet/Phone",19.99,UGREEN,5.0,UGREEN Direct Store,47.0,12.0
274,Delux MT1 Wireless Ergonomic Vertical Trackball Mouse 24G Bluetooth 2400DPI 6 Programmable Buttons Thumb Control For PC/Laptop/Windows/Mac,39.99,Delux,5.0,Delux Official Store,24.0,45.0
277,Singapore Ready Stock Wireless Mouse RGB Mouse Silent Rechargeable Ergonomic Mouse with LED Backlit USB Optical Mice for PC Laptop,14.99,OEM,4.5,Cyberpark,21.0,10.0
281,"UGREEN MU102 Wireless Mouse, 4 Silent Buttons, Bluetooth 50 and 24G Wireless with USB Mini Receiver, 4 Level DPI Setting 4000DPI, Ambidextrous PC / Mac /Linux Laptop",28.99,UGREEN,5.0,UGREEN Direct Store,8.0,6.0
282,KEBIDU Wireless Silent Mouse Bluetooth 24G Dual Mode Mute Rechargeable Portable Mouse Optical For Laptop PC Game Office,4.63,KEBIDU,5.0,Jeidamei,8.0,1.0
283,Alcatroz Airmouse 3 Wireless 24G Hi Definition Optical Mouse (1200CPI),11.9,ALCATROZ,4.0,Alcatroz,32.0,3.0
285,Lenovo Essential USB Mouse P/N: 4Y50R20863 - 1 Year Local Warranty,13.0,Lenovo,5.0,SourceIT - Video Conferencing,69.0,12.0
286,Alcatroz Airmouse Duo 2 Bluetooth + 24G wireless mouse (Battery Included),9.9,ALCATROZ,4.5,Leapfrog E-Store,33.0,8.0
289,"DAREU LM103 USB Wired Optical Notebook, Laptop, Desktop Mouse For Home Office Use Mouse",10.9,DAREU,5.0,DAREU,34.0,6.0
290,Delux M618GX 24G Wireless Vertical Mouse Ergonomic 6 Buttons MAX 1600DPI Optical M Size For PC/Laptop/Windows/Mac,29.99,Delux,4.71,Delux Official Store,183.0,78.0
291,Microsoft USB transmitter Arc Touch Mouse RVF-00054 ( Dongle Version),53.0,Microsoft,4.75,SEVAMALL.com,329.0,87.0
293,Alcatroz Asic 3 Wired USB Mouse 1600 CPI | Ergonomic Design with High Resolution Optical Mouse,6.9,ALCATROZ,5.0,Alcatroz,26.0,8.0
294,(Original) LOGITECH M100R USB WIRED MOUSE BLACK | High Definition Optical Tracking | 3 years warranty,9.9,Logitech,5.0,CHS,28.0,2.0
295,2400 DPI Bluetooth Wireless Transparent Mouse 24G Dual-mode Rechargeable Mouse RGB Gaming Optical Mouse,12.9,Jite,5.0,INNOCO DIGITAL,8.0,2.0
296,DQRGO [SG Stock] Bluetooth Mouse Ergonomic Mouse Silent Mouse Wireless Bluetooth Dual Mode Computer Mouse PC Rechargeable 24Ghz USB Optical Mice for Laptop PC,13.0,DQRGO,5.0,DQRGO Home Appliance,37.0,15.0
299,ELECOM Bluetooth 50 Silent Mouse/ Anti-Bacterial Mice/ Ergonomic Design Mouse/ M-SH10/20/30BBSK Series,49.9,Elecom,4.5,ELECOM,20.0,7.0
303,"UGREEN Wireless Mouse 24G Silent Computer Mouse with USB Receiver, Ultra Slim Optical Cordless Wireless Mouse, 4000 DPI, Small Flat Portable Mice for PC, Laptop, Computer, Chromebook, MacBook",17.63,UGREEN,5.0,Ugreen Singapore,26.0,9.0
310,Microsoft Surface Mobile Mouse (Silver/Black/Burgundy/Cobalt Blue),42.0,Microsoft,4.59,Silkway,251.0,56.0
313,Logitech M720 TRIATHLON Multi-Device Wireless Mouse with Hyper-fast scrolling,57.0,Logitech,4.92,DYNACORE,56.0,12.0
316,Rapoo M100 Silent Wireless Mouse with Bluetooth 30/40 RF 24G Mini Noiseless Mice for Windows PC Laptop Computer,11.76,Rapoo,2.0,Rapooer,6.0,1.0
317,Logitech M238 Fan Collection Wireless Mouse 12-Month Battery Life 1Year Local Warranty,15.0,Logitech,4.56,Video-Pro Pte Ltd,24.0,9.0
320,Lenovo M120 Pro Wireless Mouse 24GHz Laptop Mouse with USB Receiver Lightweight Ergonomic Optical Wireless Mouse Computer Mice for Laptop PC Computer Mac Office/Home use,13.04,Lenovo,5.0,vieline,6.0,3.0
323,Alcatroz Asic 3 Wired USB Mouse 1600 CPI | Ergonomic Design with High Resolution Optical Mouse,6.9,ALCATROZ,4.75,Leapfrog E-Store,448.0,33.0
330,"Logitech Signature M650 Wireless Mouse - Quiet Comfort, Long Battery, Smart Scroll, Multi-Colour, Multi-Device, Bluetooth, Small/Medium Hands",54.0,Logitech,4.9,Lazada Electronics,213.0,563.0
332,Original Logitech Pebble M350 Wireless Bluetooth Basic Mouse Silent Mouse Ergonomic Mice for Office,30.0,Logitech,5.0,Nokerme Tech,13.0,2.0
344,[BLUE] Wireless Mouse Rapoo M10 Plus Battery life up to 12 months,12.9,Rapoo,4.66,FUNKYsg,99.0,29.0
349,Microsoft USB transmitter Arc Touch Mouse RVF-00054 (USB Dongle version),52.0,Microsoft,4.68,Silkway,100.0,25.0
351,Prolink Artist Collection: USB Wired Optical Mouse (Henna),16.9,Prolink,4.31,Prolink,277.0,23.0
352,Microsoft Surface Mobile Bluetooth Mouse,45.0,Microsoft,4.81,SEVAMALL.com,295.0,72.0
355,Alcatroz Pebble Air Bluetooth + 24G Duo Usage Wireless Mouse,7.9,ALCATROZ,4.07,Leapfrog E-Store,211.0,71.0
357,Logitech M331 Basic Wireless Mouse (Black),24.99,Logitech,4.67,Smart Shopping,559.0,93.0
359,Wireless Bluetooth Mouse/Mouse For Universal Laptop Notebook ASUS Laptop Lenovo Laptop,19.9,OEM,4.89,KK Technology,136.0,35.0
361,(ALLSTARS : We are Back / Mouse Promo) Logitech M187 Wireless Mouse Ultra Portable / Pocket-ready / extra-small design (Black : 910-005371 / Blue : 910-005372 / Bright Red : 910-005373 / White : 910-005380) (Warranty 3years with Local Distributor BanLeong,23.9,Logitech,4.73,ALLSTARS,37.0,11.0
363,Microsoft Arc Wireless Mouse,103.42,Microsoft,4.0,Digiexpress,13.0,4.0
364,(ALLSTARS : We Are Back Promo) Dell MS116 Optical USB Mouse BLACK (MS116BK) (Warranty 1year),9.88,Dell Computers,5.0,ALLSTARS,23.0,6.0
368,[Global] Mi Dual Mode Wireless Mouse Silent Edition Bluetooth 24gHz Ultra-Silent High-precision Tracking,19.9,Xiaomi,4.84,Dasher,929.0,196.0
369,"UGREEN Ergonomic Wireless Mouse with Nano Receiver, 5-Level 4000 DPI 6 Buttons, 24G USB Cordless Silent Mice, Wireless Mouse for Laptop, Computer, PC, MacBook, Chromebook Black",16.65,UGREEN,4.82,Ugreen Singapore,121.0,38.0
370,iMiceâ„¢ Ergonomic Comfortable Wireless Mouse (Black/Red),13.9,iMice,5.0,Cube Setups,12.0,3.0
371,2023 ThinkPad Essential Wireless Mouse,19.99,Lenovo,5.0,ITRADING & HOSTHIX PTE. LTD,15.0,5.0
372,Xiaomi Wireless Mouse Lite,12.9,Xiaomi,5.0,Xiaomi SG Store,93.0,19.0
373,HP S1000 PLUS Silent Wireless Mouse for Gaming Office Adjustable DPI 1600 Wireless Mouse Optical Computer Notebook Laptop PC Mouse,18.49,HP,4.46,Metadot,146.0,37.0
375,Xiaomi Wireless Mouse Lite 24GHz 1000DPI Ergonomic Optical Portable Computer Mice USB Receiver Office Game Mice For PC and Laptop,11.8,Xiao Mi,5.0,ESINEY,66.0,16.0
377,Xiaomi Wireless Mouse Lite 24GHz 1000DPI Ergonomic Optical Portable Computer Mice USB Receiver Office Game Mice For PC and Laptop,11.3,Xiao Mi,4.75,GADGET TOP,35.0,7.0
378,HGV [24H SHIPPED] 24GHz Wireless Bluetooth Mouse Computer Mouse Apply to i Phone/ iPad/Mac USB Adapter Home Office Desktop Computer Mice Laptop Wireless Mouse Ergonomic Mouse,15.0,HGV,5.0,HGV Premium SG,23.0,13.0
379,GOOJODOQ RGB LED Backlit Wireless Mouse Bluetooth Mouse Rechargeable Gaming Mouse Ergonomic USB For Laptop PC,9.72,GOOJODOQ,4.33,GOOJODOQ Official Store,18.0,29.0
380,Jelly Comb Wireless Trackball Mouse Rechargeable 24G USB Wireless & Bluetooth Ergonomic Mice,36.44,Jelly Comb,5.0,JOMAA Officail Store,13.0,17.0
382,Alcatroz Airmouse 3 Wireless 24G Hi Definition Optical Mouse (1200CPI),11.9,ALCATROZ,5.0,Leapfrog E-Store,14.0,5.0
387,AuthenticðŸ’– Disney CHIP n DALE Multi Pairing Mouse Wireless Silent Soundless,32.9,Disney,5.0,Jsinintertional,21.0,4.0
388,BROWN n FRIENDS Multi Pairing Wireless Blutooth Mouse Silent,29.9,LINE FRIENDS,5.0,Jsinintertional,10.0,1.0
390,Philips Wireless Mouse Silent USB 24Ghz Rechargeable 1600 DPI For PC Laptop Mac Windows,14.9,Philips,4.83,Bargain Basement,14.0,6.0
396,Philips SPK7305 M305 Wireless Mouse Silent For PC Computer Laptop Home Office,10.5,Philips,4.0,Video-Pro Pte Ltd,23.0,5.0
399,Targus W600 Wireless Optical Mouse Black Red Blue White WindowsÂ® and MacÂ® 1 Year Sg Warranty,19.0,Targus,5.0,CHS,34.0,9.0
405,Lofree mice Loflick First Touch 24G Wireless Bluetooth Mouse Tofu Color 3 Modes Rechargeable Office Game Charging Mouse OE909,81.0,Lofree,5.0,MTC Life Style,10.0,8.0
406,Alcatroz AirMouse V Wireless Mouse 1200 CPI,9.9,ALCATROZ,4.43,Leapfrog E-Store,66.0,7.0
408,"UGREEN Wireless Mouse, 6 Silent Buttons, 24G Wireless with USB Mini Receiver, 3 Level DPI Setting 1600DPI, Ambidextrous PC / Mac /Linux Laptop",11.99,UGREEN,4.53,UGREEN,58.0,15.0
409,Alcatroz Pebble Air Bluetooth + 24G Duo Usage Wireless Mouse,7.9,ALCATROZ,3.4,Alcatroz,28.0,5.0
410,GOOJODOQ Wireless Bluetooth Mouse 24G Dual Mode Mute Silent for Apple Macbook Notebook Lenovo Computer Ultra-thin Portable Mouse,8.1,GOOJODOQ,4.86,GOOJODOQ Official Store,27.0,61.0
413,"Logitech MX Anywhere 3S: High-Precision Compact Mouse with Fast Scrolling, Quiet Clicks, and Customizable Buttons",139.0,Logitech,4.96,Lazada Electronics,87.0,184.0
416,Alcatroz Airmouse L6 Chroma Silent Rechargeable Wireless Mouse With 1600 CPI,21.9,ALCATROZ,4.64,Alcatroz,51.0,11.0
419,JOMAA Ergonomic mouse 24G Rechargeable Game mouse Wireless Bluetooth mouse charging display mouse dual mode wireless vertical mouse mute mouse For Pc Tablet Mac Windows ios,36.42,JOMAA,5.0,JOMAA Officail Store,32.0,12.0
421,INPHIC M8 Type C Silent Wireless Rechargeable Mouse,18.99,Inphic,5.0,Mtech.Singapore,5.0,4.0
422,Targus B581 ( Replacement of B580 AMB580 ) Bluetooth Mouse AMB581AP Wireless Anti-microbial Multi device 3yrs SG Warranty,24.3,Targus,4.73,Smart Shopping,144.0,22.0
427,Lenovo Essential Compact Wireless Mouse,17.9,Lenovo,1.0,Laser Distributor,11.0,1.0
431,Alcatroz Airmouse 3 Silent Wireless Mouse With 1200 CPI - Best For Office Used,12.9,ALCATROZ,5.0,Leapfrog E-Store,8.0,3.0
434,HP 425 Programmable Bluetooth Mouse for Business P/N: 7M1D5AA - 12 Months Local Warranty,35.1,HP,5.0,SourceIT - Video Conferencing,32.0,5.0
435,(Original) Logitech M100r USB Dark FE Scroll Wheel Basic Mouse (Black),9.44,Logitech,5.0,Smart Shopping,55.0,7.0
440,Targus U660 Optical Mouse (Black),11.0,Targus,4.87,Targus Official Store,173.0,30.0
441,[SG Seller] Truslink T-WOLF Q4 Computer Wireless Mouse Small Portable Ergonomic Office Mice Stable 24GHz 10M Range for PC Laptop/ Desktop/ Notebook /TV BOX,9.9,Truslink,5.0,Truslink,5.0,3.0
444,"Logitech M330 Silent Plus Wireless Mouse, 24 GHz with USB Nano Receiver, 1000 DPI Optical Tracking, 3 Buttons, 24 Month Life Battery, Computer Mouse with Quiet Click for Laptop, PC and Mac [Local Warranty]",25.88,Logitech,4.96,ezMall - Easy Your Life,232.0,27.0
445,Dell WM126 Wireless Mouse | Compact & Travel Friendly Design | Ambidextrous | Universal Pairing Technology | Brand New With Warranty,16.0,Dell,5.0,SpeedMobileClub,48.0,4.0
446,Xiaomi Mi Wireless Mouse Mise 2 Computer Windows Mac Laptop Notebook Gaming XMWS002TM,17.8,Xiaomi,5.0,ESINEY,10.0,2.0
447,Microsoft Wireless Mobile Mouse 1850 For Work,22.0,Microsoft,3.0,space station,26.0,3.0
450,ELECOM 'Y8 MOUSE SERIES' Wired Mouse / 3 Buttons / USB / Comfortable / Light-weight / 4 Colors,14.9,Elecom,4.67,ELECOM,43.0,9.0
451,[SG Warranty] Toshiba U20 Mouse wired with Blue LED Technology  Logitech Mouse M100r,9.9,Mix,4.4,Smart Shopping,114.0,10.0
452,Logitech Wireless Bluetooth POP Mouse with Customized Emoji Button SmartWheel White Rose Graphite Lilac 1 Year Sg Warranty,35.88,Logitech,5.0,Smart Shopping,32.0,10.0
457,JOMAA Mouse Bluetooth +24G Wireless Mouse Cute Silent Computer Mouse With USB Receiver 3 Adjustable DPI Portable Mobile Cordless Mouse,15.59,SEENDA,5.0,JOMAA Officail Store,70.0,2.0
462,Logitech Mouse M185 Easy-to-use mouse with reliable durability | 3 years warranty,18.79,Logitech,4.68,Smart Shopping,228.0,22.0
465,Targus W620 Wireless 4-Key Optical Mouse - Black / White,21.0,Targus,5.0,Targus Official Store,37.0,16.0
468,"Anvers Transparent Wireless Mouse BT51/24G, Rechargeable Silent Bluetooth Mouse for Mac, iPad, PC",21.99,ANVERS,5.0,Anvers,54.0,19.0
470,GOOJODOQ Bluetooth Mouse Wireless Mouse 24G 2 Modes Rechargeable Mouse Ultra-thin Silent LED Colorful Backlit Gaming Mouse For Laptop Macbook PC iPad,8.86,GOOJODOQ,5.0,GOOJODOQ Official Store,48.0,8.0
471,[ROYCHE] Snoopy Multi-pairing Wireless Mouse,39.72,Royche,5.0,EAST GATE,8.0,1.0
475,Royche PEANUTS SNOOPY Figure Silent Multi-Pairing Wireless Mouse(PNTS-PFM-E-SN),38.9,Royche,5.0,TSMIRACLE SHOP,11.0,6.0
476,"Dareu LM115B Dual Mode Bluetooth And Wireless 24G Mouse , Upgrade Version Of LM115G,Compatible With Android And Apple",24.9,DAREU,4.92,DAREU,53.0,12.0
481,ELECOM EX-G Wireless Silent Mouse/ Basic Mice/ Ergonomic Design/ 5 Buttons/ Work/ Student/ With USB Receiver M-XGS/M/L30DBSK Series,59.9,Elecom,5.0,ELECOM,29.0,9.0
486,Lenovo Essential Compact Wireless Mouse P/N: 4Y50R20864 - 1 Year Local Warranty,19.0,Lenovo,5.0,SourceIT - Video Conferencing,87.0,15.0
487,ELECOM Wireless 24GHz Mouse/ Silent Mouse/ Basic Mice with Pouch/ 4 Buttons/ Symmetry Design/ M-TM10DB Series,24.9,Elecom,4.75,ELECOM,27.0,8.0
489,PR-A19 Wireless Optical Pen Mouse 24GHz USB Receiver Bluetooth Dual Mode Handwriting Air Mouse Mice for Laptop Desktop PC Computer Tablet,19.42,Vktech,5.0,Vktech Official Store,5.0,14.0
491,"Logitech M185 Wireless Mouse, 24GHz with USB Mini Receiver, 12-Month Battery Life, 1000 DPI Optical Tracking, Ambidextrous, Compatible with PC, Mac, Laptop - Red",25.0,Logitech,4.92,Logitech,118.0,26.0
493,"Logitech M185 Wireless Mouse, 24GHz with USB Mini Receiver, 12-Month Battery Life, 1000 DPI Optical Tracking, Ambidextrous, Compatible with PC, Mac, Laptop",25.0,Logitech,4.73,Logitech,88.0,22.0
495,ELECOM Bluetooth 42 Mouse with Pouch / Slim Mouse / Bluetooth Mice / Symmetry Design Mouse/  (M-TM10BB Series ),34.9,Elecom,5.0,ELECOM,57.0,9.0
496,"UGREEN Vertical Ergonomic Mouse, Bluetooth & 24G, Quiet clicks, 5 Buttons, 4000 DPI Wireless Mouse 4 Adjustable DPI, Silent Mouse for Laptop, Mac, Chromebook, PC, Windows, Black",29.39,UGREEN,5.0,Ugreen Singapore,11.0,4.0
497,Dell Wireless Mouse: WM126 - Black,23.9,Dell,4.67,SwiftWare,46.0,3.0
501,"Logitech M331 SILENT PLUS Wireless Mouse, 24GHz with USB Receiver, Optical Tracking, Quiet & Lightweight, Long Battery Life, for PC, Mac, Laptop, Chromebook",34.0,Logitech,4.9,Logitech,441.0,96.0
502,Logitech M100R USB Wired Mouse [LOCAL WARRANTY],12.0,Logitech,4.88,Techies,2300.0,306.0
503,Microsoft Sculpt  Ergonomic wireless 40  Mouse Black (With USB dongle),54.0,Microsoft,4.67,SEVAMALL.com,269.0,52.0
509,"WIWU Rechargeable 24GHz Wireless Bluetooth Mouse Slim Noiseless Mice with Nano Receiver for Laptop, PC, Computer, Notebook",16.42,WIWU,4.14,WIWU,23.0,21.0
510,Targus W600  Wireless Optical Mouse - Black Deep Blue Red White  W 600 (replacement model of W571) cordless,19.0,Targus,4.47,Smart Shopping,325.0,66.0
511,"Logitech M187 Ultra Portable Wireless Mouse, 24 GHz with USB Receiver, 1000 DPI Optical Tracking, 3-Buttons, PC / Mac / Laptop",25.0,Logitech,4.9,Logitech,245.0,49.0
513,M618XSD Seeker Ergonomic Vertical Mouse with OLED Screen 4000DPI Rechargeable 1000mA Removable Back Cover For Computer,58.0,Delux,5.0,space station,5.0,3.0
522,"Rapoo M50 Plus Silent 24G Wireless Mouse Optical Ergonomic Mice Designed For Big Hand For Office Use,600 DPI Switch",19.9,Rapoo,5.0,iShop,10.0,4.0
524,"Logitech MX Anywhere 2S Bluetooth Edition Graphite Wireless Multi Device Mouse With Logitech Flow, Gesture Control and Wireless File Transfer (Work From Home, Home Based Learning)",61.9,Logitech,5.0,Techies,9.0,4.0
528,ROYCHE SANRIO My Melody & Kuromi Multi-Pairing Silent Wireless Mouse,37.84,Royche,5.0,TSMIRACLE SHOP,8.0,2.0
529,Xiaomi Mi Wireless Dual-Mode Mouse Silent Ergonomic Bluetooth USB Side buttons Protable Mini Wireless Mouse for Laptop,16.88,Miiiw,5.0,Win Digital Store,9.0,1.0
531,â˜…Authenticâ˜…Disneyâ˜…Chip and Dale Multi Pairiing Wireless Silent Mouseâ˜…Noiseless Button/Sleep Mode,32.9,Disney,5.0,Jsinintertional,12.0,1.0
534,Wireless Bluetooth Mouse Rechargeable USB Mouse Type-C Mice for iPad Laptop MacBook PC Android Windows,22.45,Jelly Comb,4.8,1TrackBall,24.0,5.0
536,Lenovo Professional Wireless Laser Mouse Lenovo 4X30H56886 Wireless Mouse 1600dpi Mouse Lenovo 1600dpi Lenovo Wireless Mouse USB Mouse Lenovo 3684265,41.0,Lenovo,5.0,ConnectSG,5.0,2.0
540,[LOCAL WARRANTY] Dell Wireless Mouse WM126 (Black) 570-AAMO l Dell WM126 Mouse l Dell Mouse Wireless l Wireless Mouse l USB Receiver Mouse l Computer Mouse Wireless l Computer Mouse l 3676717,23.0,Dell,4.0,Connexity Pte Ltd,5.0,1.0
543,Keychron M6 Wireless Mouse 78g Lightweight Design Optical Mouse Side Scroll Wheel Pixart 3395 Ergonomic,71.0,Keychron,5.0,space station,8.0,2.0
544,Original Logitech M720 Triathlon Multi-Computer Wireless Mouse for Business,52.0,Logitech,4.93,Nokerme Tech,54.0,15.0
545,"Logitech Pebble Wireless Bluetooth Mouse Slim and Silent For iPad,PC and Mac",29.9,Logitech,4.97,GamerPushCart,1600.0,362.0
550,Logitech Mouse M190 Wireless Full Size Compact Windows Mac Chrome Linux 1 Year SG Warranty,23.5,Logitech,5.0,Smart Shopping,127.0,21.0
553,Mipow Smart Touch Mouse Bluetooth 50 Wireless 24G Silent Arc Touch Mouse With Bag Ultra Thin  For MicMicrosoft Laptop,27.24,Mipow,4.17,Mipow Official Store,12.0,24.0
554,"Logitech Pebble 2 M350S Rose Colour Silent Wireless Mouse: Ultra-Quiet, Slim, Portable for Laptop, PC, Mac, iPad - Bluetooth & 24GHz",49.0,Logitech,5.0,Lazada Electronics,6.0,1.0
555,Microsoft Arc Mouse Black,86.0,Microsoft,4.0,SEVAMALL.com,17.0,6.0
560,Alcatroz Airmouse Duo 3 Silent Click Wireless Mouse | 24G Wireless | Bluetooth 40 | 1200 CPI,25.9,ALCATROZ,4.0,Alcatroz,5.0,1.0
562,[Local Warranty] Lofree Xiaomi Bluetooth Mechanical Mouse Elysium Dot Girl Girlfriend birthday gift Valentine Day Gift,75.9,Xiaomi,5.0,Donkey Donkey,20.0,2.0
563,â˜…Authenticâ˜…Sanrioâ˜…My Melody and Kuromi Multi Pairing Wireless Silent Mouseâ˜…Sleep Mode/ Invisible,32.9,Sanrio,5.0,Jsinintertional,22.0,4.0
569,Logitech Mouse M190 Wireless Full Size Compact Windows Mac Chrome Linux 1 Year SG Warranty,20.7,Logitech,4.75,CHS,42.0,4.0
573,ELECOM 'IR07 SILENT SERIES' Wireless Mouse / Silent Clicking / Super Power Saving  / Comfortable / Suit for Left and Right-handed,19.9,Elecom,5.0,ELECOM,74.0,15.0
575,Authentic  Mi Wireless Dual-Mode Mouse Silent Ergonomic Bluetooth USB Side buttons Portable Mini Wireless Mouse for Laptop,16.63,Miiiw,5.0,Digital lifestyle,43.0,4.0
581,â˜…Authenticâ˜…Disney Winnie the Pooh Multi Pairing Wireless Silent Mouseâ˜…Noiseless Button/Sleep Mode,32.9,Disney,5.0,Jsinintertional,20.0,1.0
584,NEW BT21 minini Multi Pairiing Wireless Silent Mouseâ˜…Noiseless Button,23.9,BTS,5.0,Jsinintertional,16.0,3.0
586,Dell Mobile Wireless Mouse â€“ MS3320W,44.0,Dell,5.0,SwiftWare,9.0,3.0
587,Anker 24G Wireless Vertical Ergonomic Optical Mouse (A7852),36.99,Anker,5.0,iShop,19.0,4.0
588,Logitech M240 Silent Bluetooth Mouse,29.0,Logitech,5.0,Techies,86.0,26.0
591,ELECOM EX-G Wired Silent Mouse/ Basic Mice/ Ergonomic Design/ 5 Buttons/ 3 Sizes M-XGS/M30UBSK Series,49.9,Elecom,4.75,ELECOM,9.0,4.0
597,"Anker AK-UBA 24G Wireless Vertical Ergonomic Optical Mouse, 800/1200 /1600 DPI, 5 Buttons for Laptop, Desktop, PC, Macbook - Black",42.72,Anker,5.0,Digiexpress,6.0,2.0
602,Logitech Ergo M575 Wireless Trackball Mouse (Free Mouse Pad),55.99,Logitech,5.0,EJoy House,20.0,5.0
614,Logitech M331 Basic Wireless Mouse (Red),24.99,Logitech,4.31,Smart Shopping,172.0,45.0
615,ELECOM 24GHz Wireless Silent Mouse/ Basic Cute Mice/ 3 Buttons SHIRO CHAN M-IR07DRSF New SERIES,22.9,Elecom,5.0,ELECOM,8.0,2.0
617,Targus B581 Compact Multi-Device Antimicrobial Wireless Mouse (Black),29.9,Targus,5.0,Targus Official Store,23.0,9.0
626,HP 200 Wireless Mouse (Black/ Empress Red/ Pike Silver/ Morning Blue),29.0,HP,5.0,Pantrade,5.0,1.0
631,Logitech M331 Silent Plus Wireless Mouse,29.0,Logitech - Computer Accessories,4.5,BIZGRAM ASIA PTE LTD,17.0,2.0
638,ELECOM Bluetooth 50 Mouse CAPCLIP PRO Series/ Basic Mice/ Silent Mouse/ Ultimate Blue Sensor Mouse/ Symmetry Design/ 24GHz 1600 dpi Rechargeable Mouse,39.9,Elecom,5.0,ELECOM,38.0,10.0
643,Prolink PMW6008 24GHz Wireless Mouse (800/1200/1600 DPI) 4 buttons,25.9,Prolink,5.0,Prolink,14.0,6.0
645,Lenovo ThinkPad X1 Presenter Mouse 4Y50U45359 | Lenovo ThinkPad Mouse Lenovo Bluetooth Mouse Lenovo Wireless Mouse Notebook Mouse Lenovo X1 Presenter Mouse  Lenovo Mouse Wireless Lenovo Mouse Bluetooth 4802225,115.0,Lenovo,5.0,Connexity Pte Ltd,12.0,2.0
646,HXSJ M60 Mouse Type C Mouse + Wireless Mouse USB Receiver 24G Optical Silent Mouse Mute Mouse Chargeable Mouse Mute Mouse Silcent Mouse Mice USB Type C Receiver Nano mini Receiver 1600 DPI for PC Laptop,8.18,HXSJ,3.5,HXSJ Digital,7.0,3.0
653,Logitech M650 Logi Signature Wireless Mouse Smart Wheel Scrolling Off-White Rose Graphite 1 Year Sg Warranty,39.0,Logitech,4.96,Smart Shopping,718.0,174.0
662,ELECOM EX-G Ergonomic Silent Mouse/ Bluetooth Connection Mouse/ Bluetooth Mouse/ M-XGM15BBS/EC Series,39.9,Elecom,5.0,ELECOM,36.0,7.0
668,Logitech M221 Silent Wireless Mouse,25.0,Logitech,4.92,Techies,83.0,13.0
677,Logitech M350s Pebble Mouse 2,42.8,Logitech,5.0,Endless Passion,98.0,23.0
679,â˜…Authenticâ˜…Disneyâ˜…Thumper Multi Pairiing Wireless Silent Mouseâ˜…Noiseless Button/ Sleep Mode,32.9,Disney,5.0,Jsinintertional,18.0,6.0
680,Logitech Wireless Mini Mouse M187 Pocket-size mouse White/Black/Blue/Red,23.0,Logitech,5.0,Evergreen Stationery,14.0,1.0
682,Logitech M650 Logi Wireless Signature Mouse with Smart Wheel Scrolling 1 Year Sg Warranty,49.0,Logitech,5.0,CHS,32.0,7.0
688,Logitech M720 Triathlon Multi-Device Wireless Mouse,79.0,Logitech,4.97,GamerPushCart,449.0,105.0
690,"Logitech Signature M650 Wireless Mouse - For Small to Medium Sized Hands, 2-Year Battery, Silent Clicks, Customisable Side Buttons, Bluetooth, Multi-Device Compatibility",54.0,Logitech,4.98,Endless Passion,538.0,111.0
692,"Logitech M241 Silent Bluetooth Mouse, Wireless, Compact, Portable, Smooth Tracking, 18-Month Battery, for Windows, macOS, ChromeOS, Compatible with PC, Mac, Laptop, Tablets [ Online Exclusive ]",27.8,Logitech,5.0,Logitech,12.0,5.0
696,Lenovo THINKPAD ESSENTIAL WIRELESS MOUSE W/O BATTERY  4X30M56888 Lenovo Mouse 1200dpi Mouse Lenovo Thinkpad Mouse Thinkpad Wireless Mouse Lenovo MOUSE WIRELESS 1200dpi Mice 4591970,35.0,Lenovo,5.0,Connexity Pte Ltd,8.0,3.0
703,"Logitech M275 Wireless Mouse - Lazada Exclusive Ergonomic Mice, Quiet, 24GHz, Textured Grip, Office Home WFH Online Learning",29.0,Logitech,4.96,Lazada Electronics,77.0,2451.0
704,Original Logitech Ergo M575s wireless trackball mouse with smooth tracking 1 year SG warranty 910-005873 Ergonomic Office Drawing Mice Laptop Computer (Replacement of M575),56.9,Logitech,4.55,Smart Shopping,59.0,11.0
708,"Logitech M331 Silent Plus Wireless Mouse, 24GHz with USB Nano Receiver, 1000 DPI Optical Tracking, 3 Buttons, 24 Month Life Battery, PC/Mac/Laptop - Black/Red/Blue",34.0,Logitech,5.0,Endless Passion,178.0,47.0
709,â˜…Authenticâ˜…mini BROWN n FRIENDS Multi Pairing Wireless Silent Mouseâ˜…Noiseless Button/ Slim Design,27.9,LINE FRIENDS,3.0,Jsinintertional,6.0,2.0
711,"Logitech M221 Wireless Mouse, Silent Buttons, 24 GHz with USB Mini Receiver, 1000 DPI Optical Tracking, 18-Month Battery Life, Ambidextrous PC / Mac / Laptop - Black/Red/Blue",26.0,Logitech,4.94,Endless Passion,88.0,18.0
713,ELECOM Wireless 24GHz Silent Mouse/ Anti-Bacterial Mouse/ Ergonomic Design Mouse/ Mice M-SH10/20/30DBSK Series,39.9,Elecom,5.0,ELECOM,20.0,7.0
719,Dell Wireless Mouse WM126 Black P/N: 570-AAMO - 1 Year Local Warranty,30.0,Dell,5.0,SourceIT - Video Conferencing,9.0,1.0
720,Targus B580 BluetoothÂ® Mouse (Black),34.9,Targus,5.0,Targus Official Store,6.0,1.0
726,"Logitech M220 SILENT Wireless Mouse: Quiet, Comfortable, Long-Lasting",26.0,Logitech,4.95,Lazada Electronics,84.0,2431.0
734,"Logitech Pebble M350 Wireless Mouse with Bluetooth or USB - Silent, Slim Computer Mouse with Quiet Click (Local 1 Yr Warranty)",45.0,Logitech,5.0,ITSG Global,111.0,13.0
737,Logitech M331 Basic Wireless Mouse (Blue),24.99,Logitech,3.38,Smart Shopping,60.0,8.0
740,"[Same Day Delivery Available] Logitech Pebble 2 M350s Bluetooth Silent Mouse (Logi Bolt USB receiver Support) Tonal White/Tonal Rose/Tonal Graphite(Order Before 2pm on working day,will deliver the same day,Order after 2pm,will deliver next working day)",32.0,Logitech,4.78,Video-Pro Pte Ltd,66.0,18.0
742,LOGITECH M190 WIRELESS MOUSE - BLUE 910-005914,25.0,Logitech,5.0,Gain City Singapore,77.0,19.0
751,"Rii RT301 USB Mouse Jiggler,Undetectable Mouse Mover Automatic Computer Mouse Mover Jiggler,Keeps Computer Awake,Simulate Mouse",9.01,Rii,5.0,Rii Store,39.0,8.0
754,Logitech MX Anywhere 3S Wireless Mouse,118.0,Logitech,4.97,Endless Passion,393.0,93.0
758,"LOFREE mice Maus 24G Wireless Mouse Portable Bluetooth Mouse,5 Adjustable DPI Levels,Compatible with Windows and M a c (Blue/White)",99.0,Lofree,5.0,MTC Life Style,8.0,0.0
782,Logitech Signature M650 M Wireless Mouse,49.0,Logitech,4.9,Techies,66.0,10.0
786,"LOFREE Maus 24G Wireless Mouse Portable Bluetooth Mouse,5 Adjustable DPI Levels,Compatible with Windows and M a c Rose Gold",110.0,Lofree,4.86,MTC Life Style,20.0,7.0
788,(ALLSTARS : We Are Back Promo) Logitech Signature M650 L / Logitech M650 L (Graphite or Off White) Wireless Mouse (24GHz or Bluetooth / Silent Clicks / For Large-Sized Hands) (910-006247) (Warranty 1year with BanLeong),44.99,Logitech,5.0,ALLSTARS,12.0,3.0
797,"Logitech POP Mouse, Wireless Mouse with Customizable Emojis, SilentTouch Technology, Precision/Speed Scroll, Compact Design, Bluetooth, Multi-Device, OS Compatible",54.0,Logitech,5.0,Endless Passion,93.0,18.0
807,DYNACORE - Logitech M185 Wireless Mouse  - Grey | Red | Blue,35.0,Logitech,4.82,DYNACORE,51.0,11.0
811,"Logitech Lift Vertical Ergonomic Mouse, Wireless, Bluetooth or Logi Bolt USB receiver",114.0,Logitech,3.8,Digiexpress,13.0,5.0
812,"Logitech MX Anywhere 3 Compact Performance Mouse, Wireless, Comfort, Fast Scrolling, Any Surface, Portable, 4000DPI, Customizable Buttons, USB-C, Bluetooth, Apple Mac, iPad, Windows PC, Linux, Chrome",139.0,Logitech,4.91,Logitech,2100.0,414.0
821,"Logitech MX Master 3S - Wireless Performance Mouse with Ultra-Fast Scrolling, Ergo, 8K DPI, Track on Glass, Quiet Clicks, USB-C, Bluetooth, Windows, Linux, Chrome - Graphite",158.0,Logitech,4.97,Endless Passion,159.0,29.0
823,(LOWEST PRICE) LOGITECH MX MASTER 3S - SILENT CLICKS,117.9,Logitech,5.0,TechSphere,29.0,9.0
825,Logitech MX Master 3S Performance Wireless Mouse,129.0,Logitech,4.81,Super Cool Digital,134.0,61.0
826,"Logitech MX Anywhere 2S Wireless Mouse (2023) â€“ Use On Any Surface, Hyper-Fast Scrolling, Rechargeable, Control up to 3 Apple Mac and Windows Computers and laptops (Bluetooth or USB), Graphite",98.0,Logitech,4.86,Endless Passion,139.0,49.0
827,Clearance! POUT HANDS 4- Silent Wireless Charging Rechargeable Mouse- Black/ White,38.0,POUT,5.0,FUNKYsg,6.0,1.0
829,"Logitech MX Master 3S: Ergonomic Wireless Mouse, 8K DPI, Silent Clicks, MagSpeed Scroll, Glass Tracking, Multi-Device, USB-C, Bluetooth, PC/Mac/Linux",189.0,Logitech,4.97,Lazada Electronics,165.0,748.0
835,"Logitech MX Master 2S Wireless Mouse - Control Upto 3 Apple Mac and Windows Computers (Bluetooth or USB), Graphite",79.9,Logitech,5.0,GamerPushCart,7.0,2.0
852,Logitech MX Master 3s Advanced Wireless Mouse,125.0,Logitech,5.0,Audio Tech Shop,114.0,36.0
867,"Logitech MX Anywhere 2S Graphite Wireless Multi Device Mouse With Logitech Flow, Gesture Control and Wireless File Transfer latest model  910-005156 mice",89.0,Logitech,4.91,Smart Shopping,401.0,75.0
884,(Original) Logitech Mouse M720 Triathlon M 720 Multi-Device Wireless Mouse with FLOW Cross-Computer Control and File Sharing for PC and Mac Warranty by Logitech Singapore,64.38,Logitech,5.0,Smart Shopping,21.0,2.0
903,Logitech MX Master 2S Wireless Mouse (2023) with Flow Cross-Computer Control and File Sharing for PC and Mac,108.0,Logitech,4.94,Endless Passion,650.0,178.0
904,Logitech MX Master 2S Mouse 2 S Wireless Bluetooth Blue tooth Graphite Wire less Multi Device Mouse 910-005142 910005142 100 % Original Local warranty,99.0,Logitech,4.68,Smart Shopping,107.0,19.0
913,"[Local stock, warranty by Logitech SG] Logitech MX Master 2S Wireless Bluetooth Mouse 2 S Graphite Wire less Multi Device Mouse 910-005142 910005142 100 % Original Local warranty Blue tooth",99.0,Logitech,4.8,Smart Shopping,998.0,154.0
